amenities_name,count_number,subway_id
화장실,1,0
화장실,4,1
화장실,1,2
화장실,1,3
화장실,1,4
화장실,1,5
화장실,2,6
화장실,2,7
화장실,1,8
화장실,1,9
화장실,1,10
화장실,1,11
화장실,1,12
화장실,1,13
화장실,1,14
화장실,1,15
화장실,1,16
화장실,1,17
화장실,1,18
화장실,1,19
화장실,1,20
화장실,1,21
화장실,1,22
화장실,1,23
화장실,1,24
화장실,2,25
화장실,1,26
화장실,1,27
화장실,1,28
화장실,1,29
화장실,1,30
화장실,1,31
화장실,2,32
화장실,1,33
화장실,1,34
화장실,1,35
화장실,2,36
화장실,1,37
화장실,1,38
화장실,1,39
화장실,1,40
화장실,1,41
화장실,1,42
화장실,1,43
화장실,1,44
화장실,1,45
화장실,1,46
화장실,4,47
화장실,1,48
화장실,1,49
화장실,1,50
화장실,1,51
화장실,1,52
화장실,1,53
화장실,1,54
화장실,2,55
화장실,1,56
화장실,1,57
화장실,1,58
화장실,1,59
화장실,2,60
화장실,1,61
화장실,2,62
화장실,0,63
화장실,1,64
화장실,1,65
화장실,1,66
화장실,1,67
화장실,1,68
화장실,1,69
화장실,1,70
화장실,1,71
화장실,1,72
화장실,1,73
화장실,1,74
화장실,1,75
화장실,1,76
화장실,1,77
화장실,1,78
화장실,1,79
화장실,1,80
화장실,1,81
화장실,1,82
화장실,1,83
화장실,2,84
화장실,2,85
화장실,2,86
화장실,1,87
화장실,1,88
화장실,1,89
화장실,1,90
화장실,0,91
화장실,0,92
화장실,1,93
화장실,2,94
화장실,2,95
화장실,1,96
화장실,1,97
화장실,1,98
화장실,2,99
화장실,1,100
화장실,2,101
화장실,1,102
화장실,1,103
화장실,1,104
화장실,1,105
화장실,3,106
화장실,1,107
화장실,1,108
화장실,1,109
화장실,1,110
화장실,1,111
화장실,1,112
화장실,1,113
화장실,1,114
화장실,1,115
화장실,1,116
화장실,1,117
화장실,1,118
화장실,1,119
화장실,1,120
화장실,1,121
화장실,1,122
화장실,2,123
화장실,1,124
화장실,1,125
화장실,1,126
화장실,1,127
화장실,1,128
화장실,1,129
화장실,1,130
화장실,1,131
화장실,1,132
화장실,1,133
화장실,2,134
화장실,1,135
화장실,1,136
화장실,1,137
화장실,1,138
화장실,1,139
화장실,1,140
화장실,1,141
화장실,1,142
화장실,1,143
화장실,1,144
화장실,2,145
화장실,1,146
화장실,1,147
화장실,1,148
화장실,1,149
화장실,1,150
화장실,1,151
화장실,1,152
화장실,1,153
화장실,1,154
화장실,1,155
화장실,1,156
화장실,1,157
화장실,1,158
화장실,1,159
화장실,1,160
화장실,1,161
화장실,1,162
화장실,1,163
화장실,1,164
화장실,1,165
화장실,1,166
화장실,1,167
화장실,1,168
화장실,1,169
화장실,1,170
화장실,0,171
화장실,1,172
화장실,1,173
화장실,1,174
화장실,1,175
화장실,1,176
화장실,1,177
화장실,1,178
화장실,1,179
화장실,1,180
화장실,1,181
화장실,1,182
화장실,1,183
화장실,1,184
화장실,1,185
화장실,1,186
화장실,2,187
화장실,2,188
화장실,1,189
화장실,1,190
화장실,1,191
화장실,1,192
화장실,1,193
화장실,1,194
화장실,1,195
화장실,1,196
화장실,1,197
화장실,2,198
화장실,0,199
화장실,1,200
화장실,2,201
화장실,1,202
화장실,1,203
화장실,1,204
화장실,1,205
화장실,2,206
화장실,1,207
화장실,1,208
화장실,1,209
화장실,1,210
화장실,1,211
화장실,1,212
화장실,1,213
화장실,1,214
화장실,1,215
화장실,1,216
화장실,1,217
화장실,1,218
화장실,1,219
화장실,1,220
화장실,1,221
화장실,1,222
화장실,1,223
화장실,1,224
화장실,0,225
화장실,1,226
화장실,1,227
화장실,1,228
화장실,1,229
화장실,2,230
화장실,1,231
화장실,2,232
화장실,1,233
화장실,1,234
화장실,1,235
화장실,1,236
화장실,1,237
화장실,1,238
화장실,1,239
화장실,1,240
화장실,1,241
화장실,1,242
화장실,1,243
화장실,1,244
화장실,1,245
화장실,1,246
화장실,1,247
화장실,2,248
화장실,0,249
화장실,1,250
화장실,1,251
화장실,1,252
화장실,1,253
화장실,1,254
화장실,1,255
화장실,1,256
화장실,1,257
화장실,1,258
화장실,1,259
화장실,1,260
화장실,1,261
화장실,1,262
화장실,1,263
화장실,1,264
화장실,1,265
화장실,1,266
화장실,1,267
화장실,1,268
화장실,2,269
화장실,1,270
화장실,1,271
화장실,1,272
화장실,1,273
화장실,1,274
화장실,1,275
화장실,0,276
화장실,1,277
화장실,1,278
화장실,0,279
화장실,1,280
화장실,1,281
화장실,4,282
화장실,1,283
화장실,1,284
화장실,2,285
화장실,2,286
화장실,2,287
화장실,2,288
화장실,2,289
화장실,2,290
화장실,0,291
화장실,1,292
화장실,1,293
화장실,1,294
화장실,1,295
화장실,1,296
화장실,1,297
화장실,1,298
화장실,2,299
화장실,1,300
화장실,1,301
화장실,1,302
화장실,1,303
화장실,1,304
화장실,1,305
화장실,1,306
화장실,1,307
화장실,1,308
화장실,1,309
화장실,2,310
화장실,1,311
화장실,2,312
화장실,2,313
화장실,1,314
화장실,1,315
화장실,1,316
화장실,1,317
소화기,47,0
소화기,43,1
소화기,0,2
소화기,68,3
소화기,46,4
소화기,38,5
소화기,50,6
소화기,40,7
소화기,50,8
소화기,41,9
소화기,52,10
소화기,48,11
소화기,51,12
소화기,46,13
소화기,39,14
소화기,45,15
소화기,61,16
소화기,45,17
소화기,46,18
소화기,29,19
소화기,41,20
소화기,41,21
소화기,53,22
소화기,66,23
소화기,49,24
소화기,59,25
소화기,44,26
소화기,44,27
소화기,54,28
소화기,61,29
소화기,52,30
소화기,55,31
소화기,62,32
소화기,24,33
소화기,55,34
소화기,47,35
소화기,96,36
소화기,44,37
소화기,60,38
소화기,35,39
소화기,58,40
소화기,47,41
소화기,42,42
소화기,75,43
소화기,42,44
소화기,52,45
소화기,0,46
소화기,30,47
소화기,114,48
소화기,41,49
소화기,51,50
소화기,58,51
소화기,63,52
소화기,41,53
소화기,72,54
소화기,122,55
소화기,51,56
소화기,61,57
소화기,53,58
소화기,64,59
소화기,46,60
소화기,54,61
소화기,64,62
소화기,67,63
소화기,39,64
소화기,46,65
소화기,35,66
소화기,36,67
소화기,32,68
소화기,36,69
소화기,50,70
소화기,57,71
소화기,37,72
소화기,56,73
소화기,41,74
소화기,39,75
소화기,47,76
소화기,58,77
소화기,53,78
소화기,61,79
소화기,40,80
소화기,50,81
소화기,54,82
소화기,33,83
소화기,65,84
소화기,76,85
소화기,76,86
소화기,0,87
소화기,49,88
소화기,42,89
소화기,63,90
소화기,19,91
소화기,17,92
소화기,47,93
소화기,57,94
소화기,57,95
소화기,47,96
소화기,38,97
소화기,44,98
소화기,38,99
소화기,53,100
소화기,49,101
소화기,66,102
소화기,59,103
소화기,51,104
소화기,48,105
소화기,68,106
소화기,47,107
소화기,51,108
소화기,0,109
소화기,48,110
소화기,47,111
소화기,43,112
소화기,48,113
소화기,24,114
소화기,42,115
소화기,51,116
소화기,0,117
소화기,65,118
소화기,33,119
소화기,41,120
소화기,71,121
소화기,69,122
소화기,69,123
소화기,22,124
소화기,0,125
소화기,38,126
소화기,37,127
소화기,88,128
소화기,40,129
소화기,40,130
소화기,24,131
소화기,30,132
소화기,33,133
소화기,44,134
소화기,41,135
소화기,38,136
소화기,45,137
소화기,31,138
소화기,50,139
소화기,36,140
소화기,34,141
소화기,30,142
소화기,32,143
소화기,31,144
소화기,49,145
소화기,34,146
소화기,40,147
소화기,0,148
소화기,36,149
소화기,40,150
소화기,29,151
소화기,45,152
소화기,45,153
소화기,28,154
소화기,32,155
소화기,35,156
소화기,29,157
소화기,28,158
소화기,40,159
소화기,47,160
소화기,51,161
소화기,37,162
소화기,54,163
소화기,30,164
소화기,46,165
소화기,33,166
소화기,46,167
소화기,36,168
소화기,41,169
소화기,21,170
소화기,31,171
소화기,53,172
소화기,84,173
소화기,45,174
소화기,36,175
소화기,38,176
소화기,28,177
소화기,43,178
소화기,0,179
소화기,30,180
소화기,20,181
소화기,40,182
소화기,29,183
소화기,23,184
소화기,29,185
소화기,42,186
소화기,46,187
소화기,33,188
소화기,28,189
소화기,28,190
소화기,25,191
소화기,35,192
소화기,29,193
소화기,48,194
소화기,35,195
소화기,32,196
소화기,36,197
소화기,58,198
소화기,12,199
소화기,42,200
소화기,34,201
소화기,38,202
소화기,26,203
소화기,25,204
소화기,49,205
소화기,49,206
소화기,33,207
소화기,30,208
소화기,30,209
소화기,21,210
소화기,18,211
소화기,26,212
소화기,31,213
소화기,49,214
소화기,40,215
소화기,28,216
소화기,43,217
소화기,43,218
소화기,39,219
소화기,43,220
소화기,33,221
소화기,36,222
소화기,36,223
소화기,36,224
소화기,31,225
소화기,45,226
소화기,30,227
소화기,32,228
소화기,42,229
소화기,35,230
소화기,41,231
소화기,42,232
소화기,39,233
소화기,42,234
소화기,40,235
소화기,47,236
소화기,34,237
소화기,36,238
소화기,25,239
소화기,48,240
소화기,40,241
소화기,47,242
소화기,40,243
소화기,35,244
소화기,49,245
소화기,49,246
소화기,37,247
소화기,0,248
소화기,30,249
소화기,34,250
소화기,13,251
소화기,26,252
소화기,42,253
소화기,39,254
소화기,34,255
소화기,27,256
소화기,27,257
소화기,84,258
소화기,62,259
소화기,39,260
소화기,38,261
소화기,31,262
소화기,32,263
소화기,45,264
소화기,30,265
소화기,40,266
소화기,39,267
소화기,36,268
소화기,36,269
소화기,29,270
소화기,29,271
소화기,30,272
소화기,25,273
소화기,28,274
소화기,27,275
소화기,0,276
소화기,82,277
소화기,26,278
소화기,30,279
소화기,84,280
소화기,58,281
소화기,108,282
소화기,102,283
소화기,81,284
소화기,80,285
소화기,52,286
소화기,101,287
소화기,74,288
소화기,101,289
소화기,102,290
소화기,0,291
소화기,90,292
소화기,51,293
소화기,44,294
소화기,78,295
소화기,8,296
소화기,0,297
소화기,67,298
소화기,0,299
소화기,0,300
소화기,92,301
소화기,85,302
소화기,0,303
소화기,135,304
소화기,65,305
소화기,57,306
소화기,62,307
소화기,62,308
소화기,81,309
소화기,61,310
소화기,53,311
소화기,0,312
소화기,35,313
소화기,0,314
소화기,66,315
소화기,0,316
소화기,56,317
역내편의점,0,0
역내편의점,0,1
역내편의점,0,2
역내편의점,0,3
역내편의점,0,4
역내편의점,0,5
역내편의점,1,6
역내편의점,0,7
역내편의점,0,8
역내편의점,0,9
역내편의점,0,10
역내편의점,1,11
역내편의점,1,12
역내편의점,0,13
역내편의점,0,14
역내편의점,0,15
역내편의점,0,16
역내편의점,1,17
역내편의점,1,18
역내편의점,0,19
역내편의점,0,20
역내편의점,0,21
역내편의점,0,22
역내편의점,0,23
역내편의점,0,24
역내편의점,0,25
역내편의점,0,26
역내편의점,1,27
역내편의점,0,28
역내편의점,1,29
역내편의점,0,30
역내편의점,0,31
역내편의점,0,32
역내편의점,0,33
역내편의점,0,34
역내편의점,1,35
역내편의점,2,36
역내편의점,0,37
역내편의점,0,38
역내편의점,0,39
역내편의점,1,40
역내편의점,0,41
역내편의점,0,42
역내편의점,0,43
역내편의점,0,44
역내편의점,0,45
역내편의점,0,46
역내편의점,0,47
역내편의점,0,48
역내편의점,0,49
역내편의점,1,50
역내편의점,0,51
역내편의점,2,52
역내편의점,1,53
역내편의점,1,54
역내편의점,2,55
역내편의점,0,56
역내편의점,1,57
역내편의점,1,58
역내편의점,1,59
역내편의점,0,60
역내편의점,0,61
역내편의점,0,62
역내편의점,0,63
역내편의점,1,64
역내편의점,0,65
역내편의점,1,66
역내편의점,0,67
역내편의점,0,68
역내편의점,0,69
역내편의점,0,70
역내편의점,0,71
역내편의점,0,72
역내편의점,1,73
역내편의점,0,74
역내편의점,0,75
역내편의점,0,76
역내편의점,0,77
역내편의점,0,78
역내편의점,0,79
역내편의점,0,80
역내편의점,0,81
역내편의점,1,82
역내편의점,0,83
역내편의점,0,84
역내편의점,1,85
역내편의점,1,86
역내편의점,0,87
역내편의점,1,88
역내편의점,0,89
역내편의점,0,90
역내편의점,0,91
역내편의점,0,92
역내편의점,0,93
역내편의점,0,94
역내편의점,0,95
역내편의점,0,96
역내편의점,0,97
역내편의점,0,98
역내편의점,0,99
역내편의점,0,100
역내편의점,0,101
역내편의점,1,102
역내편의점,0,103
역내편의점,1,104
역내편의점,0,105
역내편의점,0,106
역내편의점,0,107
역내편의점,0,108
역내편의점,0,109
역내편의점,0,110
역내편의점,1,111
역내편의점,0,112
역내편의점,0,113
역내편의점,1,114
역내편의점,0,115
역내편의점,0,116
역내편의점,0,117
역내편의점,2,118
역내편의점,0,119
역내편의점,0,120
역내편의점,0,121
역내편의점,1,122
역내편의점,0,123
역내편의점,1,124
역내편의점,1,125
역내편의점,1,126
역내편의점,1,127
역내편의점,1,128
역내편의점,1,129
역내편의점,1,130
역내편의점,0,131
역내편의점,1,132
역내편의점,1,133
역내편의점,1,134
역내편의점,1,135
역내편의점,1,136
역내편의점,0,137
역내편의점,1,138
역내편의점,0,139
역내편의점,1,140
역내편의점,1,141
역내편의점,1,142
역내편의점,1,143
역내편의점,1,144
역내편의점,0,145
역내편의점,1,146
역내편의점,1,147
역내편의점,1,148
역내편의점,1,149
역내편의점,2,150
역내편의점,1,151
역내편의점,1,152
역내편의점,0,153
역내편의점,1,154
역내편의점,1,155
역내편의점,1,156
역내편의점,0,157
역내편의점,1,158
역내편의점,1,159
역내편의점,1,160
역내편의점,1,161
역내편의점,1,162
역내편의점,1,163
역내편의점,1,164
역내편의점,1,165
역내편의점,1,166
역내편의점,1,167
역내편의점,1,168
역내편의점,1,169
역내편의점,1,170
역내편의점,1,171
역내편의점,1,172
역내편의점,0,173
역내편의점,0,174
역내편의점,0,175
역내편의점,1,176
역내편의점,1,177
역내편의점,1,178
역내편의점,1,179
역내편의점,1,180
역내편의점,1,181
역내편의점,1,182
역내편의점,1,183
역내편의점,1,184
역내편의점,1,185
역내편의점,1,186
역내편의점,1,187
역내편의점,1,188
역내편의점,1,189
역내편의점,0,190
역내편의점,1,191
역내편의점,1,192
역내편의점,1,193
역내편의점,1,194
역내편의점,1,195
역내편의점,1,196
역내편의점,1,197
역내편의점,1,198
역내편의점,0,199
역내편의점,1,200
역내편의점,1,201
역내편의점,1,202
역내편의점,0,203
역내편의점,1,204
역내편의점,1,205
역내편의점,1,206
역내편의점,1,207
역내편의점,1,208
역내편의점,1,209
역내편의점,1,210
역내편의점,0,211
역내편의점,0,212
역내편의점,1,213
역내편의점,1,214
역내편의점,1,215
역내편의점,1,216
역내편의점,1,217
역내편의점,1,218
역내편의점,1,219
역내편의점,1,220
역내편의점,1,221
역내편의점,1,222
역내편의점,1,223
역내편의점,1,224
역내편의점,1,225
역내편의점,1,226
역내편의점,1,227
역내편의점,1,228
역내편의점,1,229
역내편의점,1,230
역내편의점,1,231
역내편의점,0,232
역내편의점,1,233
역내편의점,1,234
역내편의점,1,235
역내편의점,1,236
역내편의점,1,237
역내편의점,1,238
역내편의점,1,239
역내편의점,1,240
역내편의점,1,241
역내편의점,1,242
역내편의점,1,243
역내편의점,1,244
역내편의점,1,245
역내편의점,1,246
역내편의점,1,247
역내편의점,1,248
역내편의점,0,249
역내편의점,1,250
역내편의점,0,251
역내편의점,1,252
역내편의점,1,253
역내편의점,1,254
역내편의점,1,255
역내편의점,1,256
역내편의점,1,257
역내편의점,1,258
역내편의점,1,259
역내편의점,1,260
역내편의점,1,261
역내편의점,1,262
역내편의점,1,263
역내편의점,0,264
역내편의점,1,265
역내편의점,1,266
역내편의점,1,267
역내편의점,1,268
역내편의점,1,269
역내편의점,1,270
역내편의점,1,271
역내편의점,1,272
역내편의점,1,273
역내편의점,1,274
역내편의점,1,275
역내편의점,0,276
역내편의점,1,277
역내편의점,1,278
역내편의점,0,279
역내편의점,1,280
역내편의점,0,281
역내편의점,7,282
역내편의점,1,283
역내편의점,1,284
역내편의점,1,285
역내편의점,2,286
역내편의점,1,287
역내편의점,1,288
역내편의점,1,289
역내편의점,1,290
역내편의점,1,291
역내편의점,1,292
역내편의점,1,293
역내편의점,1,294
역내편의점,1,295
역내편의점,1,296
역내편의점,1,297
역내편의점,1,298
역내편의점,1,299
역내편의점,1,300
역내편의점,1,301
역내편의점,1,302
역내편의점,1,303
역내편의점,1,304
역내편의점,1,305
역내편의점,1,306
역내편의점,0,307
역내편의점,1,308
역내편의점,1,309
역내편의점,2,310
역내편의점,1,311
역내편의점,1,312
역내편의점,1,313
역내편의점,1,314
역내편의점,1,315
역내편의점,1,316
역내편의점,1,317
지하상가,1,0
지하상가,1,1
지하상가,1,2
지하상가,6,3
지하상가,0,4
지하상가,0,5
지하상가,7,6
지하상가,3,7
지하상가,2,8
지하상가,0,9
지하상가,3,10
지하상가,1,11
지하상가,7,12
지하상가,8,13
지하상가,3,14
지하상가,5,15
지하상가,2,16
지하상가,4,17
지하상가,7,18
지하상가,0,19
지하상가,0,20
지하상가,5,21
지하상가,4,22
지하상가,6,23
지하상가,2,24
지하상가,12,25
지하상가,0,26
지하상가,2,27
지하상가,3,28
지하상가,7,29
지하상가,15,30
지하상가,5,31
지하상가,0,32
지하상가,0,33
지하상가,1,34
지하상가,1,35
지하상가,9,36
지하상가,5,37
지하상가,0,38
지하상가,1,39
지하상가,5,40
지하상가,5,41
지하상가,2,42
지하상가,0,43
지하상가,6,44
지하상가,8,45
지하상가,0,46
지하상가,0,47
지하상가,9,48
지하상가,7,49
지하상가,13,50
지하상가,5,51
지하상가,17,52
지하상가,7,53
지하상가,2,54
지하상가,4,55
지하상가,2,56
지하상가,4,57
지하상가,13,58
지하상가,5,59
지하상가,1,60
지하상가,1,61
지하상가,2,62
지하상가,39,63
지하상가,7,64
지하상가,0,65
지하상가,4,66
지하상가,0,67
지하상가,5,68
지하상가,1,69
지하상가,0,70
지하상가,4,71
지하상가,0,72
지하상가,8,73
지하상가,4,74
지하상가,0,75
지하상가,8,76
지하상가,8,77
지하상가,14,78
지하상가,11,79
지하상가,5,80
지하상가,2,81
지하상가,6,82
지하상가,4,83
지하상가,0,84
지하상가,3,85
지하상가,3,86
지하상가,4,87
지하상가,4,88
지하상가,0,89
지하상가,8,90
지하상가,0,91
지하상가,0,92
지하상가,0,93
지하상가,2,94
지하상가,2,95
지하상가,2,96
지하상가,0,97
지하상가,2,98
지하상가,4,99
지하상가,9,100
지하상가,0,101
지하상가,2,102
지하상가,1,103
지하상가,1,104
지하상가,15,105
지하상가,20,106
지하상가,0,107
지하상가,7,108
지하상가,0,109
지하상가,6,110
지하상가,6,111
지하상가,1,112
지하상가,9,113
지하상가,0,114
지하상가,2,115
지하상가,2,116
지하상가,17,117
지하상가,5,118
지하상가,0,119
지하상가,2,120
지하상가,3,121
지하상가,4,122
지하상가,0,123
지하상가,0,124
지하상가,0,125
지하상가,0,126
지하상가,1,127
지하상가,22,128
지하상가,3,129
지하상가,2,130
지하상가,2,131
지하상가,3,132
지하상가,0,133
지하상가,12,134
지하상가,8,135
지하상가,6,136
지하상가,0,137
지하상가,3,138
지하상가,0,139
지하상가,0,140
지하상가,0,141
지하상가,3,142
지하상가,3,143
지하상가,5,144
지하상가,0,145
지하상가,3,146
지하상가,1,147
지하상가,2,148
지하상가,0,149
지하상가,7,150
지하상가,3,151
지하상가,0,152
지하상가,3,153
지하상가,0,154
지하상가,4,155
지하상가,0,156
지하상가,0,157
지하상가,1,158
지하상가,4,159
지하상가,2,160
지하상가,0,161
지하상가,0,162
지하상가,44,163
지하상가,0,164
지하상가,10,165
지하상가,4,166
지하상가,5,167
지하상가,4,168
지하상가,1,169
지하상가,26,170
지하상가,3,171
지하상가,4,172
지하상가,0,173
지하상가,0,174
지하상가,0,175
지하상가,3,176
지하상가,6,177
지하상가,2,178
지하상가,12,179
지하상가,0,180
지하상가,2,181
지하상가,0,182
지하상가,1,183
지하상가,0,184
지하상가,6,185
지하상가,1,186
지하상가,6,187
지하상가,4,188
지하상가,4,189
지하상가,0,190
지하상가,3,191
지하상가,1,192
지하상가,1,193
지하상가,3,194
지하상가,5,195
지하상가,0,196
지하상가,2,197
지하상가,4,198
지하상가,0,199
지하상가,3,200
지하상가,3,201
지하상가,0,202
지하상가,0,203
지하상가,1,204
지하상가,3,205
지하상가,0,206
지하상가,5,207
지하상가,1,208
지하상가,3,209
지하상가,0,210
지하상가,0,211
지하상가,9,212
지하상가,2,213
지하상가,11,214
지하상가,5,215
지하상가,2,216
지하상가,3,217
지하상가,15,218
지하상가,5,219
지하상가,17,220
지하상가,4,221
지하상가,8,222
지하상가,8,223
지하상가,8,224
지하상가,9,225
지하상가,2,226
지하상가,1,227
지하상가,5,228
지하상가,22,229
지하상가,8,230
지하상가,9,231
지하상가,3,232
지하상가,18,233
지하상가,6,234
지하상가,10,235
지하상가,11,236
지하상가,3,237
지하상가,7,238
지하상가,3,239
지하상가,5,240
지하상가,2,241
지하상가,4,242
지하상가,5,243
지하상가,2,244
지하상가,0,245
지하상가,3,246
지하상가,1,247
지하상가,9,248
지하상가,0,249
지하상가,1,250
지하상가,0,251
지하상가,4,252
지하상가,2,253
지하상가,10,254
지하상가,1,255
지하상가,7,256
지하상가,7,257
지하상가,7,258
지하상가,5,259
지하상가,8,260
지하상가,8,261
지하상가,3,262
지하상가,3,263
지하상가,0,264
지하상가,4,265
지하상가,3,266
지하상가,0,267
지하상가,0,268
지하상가,0,269
지하상가,0,270
지하상가,0,271
지하상가,1,272
지하상가,1,273
지하상가,0,274
지하상가,0,275
지하상가,0,276
지하상가,25,277
지하상가,2,278
지하상가,0,279
지하상가,0,280
지하상가,0,281
지하상가,0,282
지하상가,0,283
지하상가,0,284
지하상가,0,285
지하상가,0,286
지하상가,0,287
지하상가,0,288
지하상가,0,289
지하상가,0,290
지하상가,0,291
지하상가,0,292
지하상가,0,293
지하상가,0,294
지하상가,0,295
지하상가,0,296
지하상가,1,297
지하상가,0,298
지하상가,2,299
지하상가,0,300
지하상가,0,301
지하상가,0,302
지하상가,0,303
지하상가,0,304
지하상가,0,305
지하상가,0,306
지하상가,0,307
지하상가,0,308
지하상가,0,309
지하상가,0,310
지하상가,0,311
지하상가,0,312
지하상가,2,313
지하상가,1,314
지하상가,0,315
지하상가,0,316
지하상가,0,317
에스컬레이터,1,0
에스컬레이터,12,1
에스컬레이터,5,2
에스컬레이터,3,3
에스컬레이터,0,4
에스컬레이터,2,5
에스컬레이터,2,6
에스컬레이터,4,7
에스컬레이터,0,8
에스컬레이터,6,9
에스컬레이터,0,10
에스컬레이터,2,11
에스컬레이터,2,12
에스컬레이터,4,13
에스컬레이터,4,14
에스컬레이터,6,15
에스컬레이터,8,16
에스컬레이터,1,17
에스컬레이터,6,18
에스컬레이터,0,19
에스컬레이터,2,20
에스컬레이터,8,21
에스컬레이터,4,22
에스컬레이터,2,23
에스컬레이터,8,24
에스컬레이터,14,25
에스컬레이터,4,26
에스컬레이터,8,27
에스컬레이터,8,28
에스컬레이터,8,29
에스컬레이터,2,30
에스컬레이터,8,31
에스컬레이터,6,32
에스컬레이터,0,33
에스컬레이터,2,34
에스컬레이터,8,35
에스컬레이터,9,36
에스컬레이터,9,37
에스컬레이터,0,38
에스컬레이터,4,39
에스컬레이터,4,40
에스컬레이터,2,41
에스컬레이터,2,42
에스컬레이터,14,43
에스컬레이터,4,44
에스컬레이터,8,45
에스컬레이터,0,46
에스컬레이터,12,47
에스컬레이터,0,48
에스컬레이터,2,49
에스컬레이터,6,50
에스컬레이터,4,51
에스컬레이터,8,52
에스컬레이터,4,53
에스컬레이터,11,54
에스컬레이터,5,55
에스컬레이터,4,56
에스컬레이터,2,57
에스컬레이터,4,58
에스컬레이터,8,59
에스컬레이터,22,60
에스컬레이터,10,61
에스컬레이터,20,62
에스컬레이터,24,63
에스컬레이터,2,64
에스컬레이터,4,65
에스컬레이터,6,66
에스컬레이터,2,67
에스컬레이터,2,68
에스컬레이터,4,69
에스컬레이터,8,70
에스컬레이터,8,71
에스컬레이터,8,72
에스컬레이터,4,73
에스컬레이터,4,74
에스컬레이터,0,75
에스컬레이터,2,76
에스컬레이터,12,77
에스컬레이터,6,78
에스컬레이터,10,79
에스컬레이터,9,80
에스컬레이터,2,81
에스컬레이터,2,82
에스컬레이터,4,83
에스컬레이터,15,84
에스컬레이터,4,85
에스컬레이터,4,86
에스컬레이터,2,87
에스컬레이터,6,88
에스컬레이터,0,89
에스컬레이터,6,90
에스컬레이터,0,91
에스컬레이터,0,92
에스컬레이터,2,93
에스컬레이터,0,94
에스컬레이터,0,95
에스컬레이터,3,96
에스컬레이터,2,97
에스컬레이터,8,98
에스컬레이터,4,99
에스컬레이터,10,100
에스컬레이터,6,101
에스컬레이터,0,102
에스컬레이터,6,103
에스컬레이터,6,104
에스컬레이터,2,105
에스컬레이터,7,106
에스컬레이터,4,107
에스컬레이터,4,108
에스컬레이터,4,109
에스컬레이터,4,110
에스컬레이터,4,111
에스컬레이터,0,112
에스컬레이터,9,113
에스컬레이터,6,114
에스컬레이터,4,115
에스컬레이터,6,116
에스컬레이터,4,117
에스컬레이터,24,118
에스컬레이터,2,119
에스컬레이터,4,120
에스컬레이터,6,121
에스컬레이터,12,122
에스컬레이터,16,123
에스컬레이터,2,124
에스컬레이터,0,125
에스컬레이터,3,126
에스컬레이터,6,127
에스컬레이터,11,128
에스컬레이터,4,129
에스컬레이터,4,130
에스컬레이터,8,131
에스컬레이터,4,132
에스컬레이터,3,133
에스컬레이터,8,134
에스컬레이터,12,135
에스컬레이터,4,136
에스컬레이터,5,137
에스컬레이터,4,138
에스컬레이터,12,139
에스컬레이터,4,140
에스컬레이터,10,141
에스컬레이터,10,142
에스컬레이터,2,143
에스컬레이터,4,144
에스컬레이터,22,145
에스컬레이터,0,146
에스컬레이터,2,147
에스컬레이터,6,148
에스컬레이터,18,149
에스컬레이터,10,150
에스컬레이터,4,151
에스컬레이터,12,152
에스컬레이터,9,153
에스컬레이터,10,154
에스컬레이터,8,155
에스컬레이터,6,156
에스컬레이터,8,157
에스컬레이터,11,158
에스컬레이터,4,159
에스컬레이터,14,160
에스컬레이터,8,161
에스컬레이터,7,162
에스컬레이터,10,163
에스컬레이터,4,164
에스컬레이터,8,165
에스컬레이터,4,166
에스컬레이터,11,167
에스컬레이터,4,168
에스컬레이터,10,169
에스컬레이터,16,170
에스컬레이터,0,171
에스컬레이터,4,172
에스컬레이터,20,173
에스컬레이터,28,174
에스컬레이터,24,175
에스컬레이터,8,176
에스컬레이터,4,177
에스컬레이터,12,178
에스컬레이터,6,179
에스컬레이터,9,180
에스컬레이터,4,181
에스컬레이터,13,182
에스컬레이터,6,183
에스컬레이터,8,184
에스컬레이터,4,185
에스컬레이터,12,186
에스컬레이터,8,187
에스컬레이터,12,188
에스컬레이터,2,189
에스컬레이터,4,190
에스컬레이터,2,191
에스컬레이터,4,192
에스컬레이터,12,193
에스컬레이터,4,194
에스컬레이터,10,195
에스컬레이터,6,196
에스컬레이터,4,197
에스컬레이터,14,198
에스컬레이터,2,199
에스컬레이터,14,200
에스컬레이터,6,201
에스컬레이터,11,202
에스컬레이터,6,203
에스컬레이터,6,204
에스컬레이터,12,205
에스컬레이터,12,206
에스컬레이터,4,207
에스컬레이터,4,208
에스컬레이터,6,209
에스컬레이터,3,210
에스컬레이터,10,211
에스컬레이터,17,212
에스컬레이터,4,213
에스컬레이터,16,214
에스컬레이터,4,215
에스컬레이터,6,216
에스컬레이터,18,217
에스컬레이터,7,218
에스컬레이터,11,219
에스컬레이터,21,220
에스컬레이터,8,221
에스컬레이터,2,222
에스컬레이터,2,223
에스컬레이터,2,224
에스컬레이터,6,225
에스컬레이터,12,226
에스컬레이터,14,227
에스컬레이터,10,228
에스컬레이터,15,229
에스컬레이터,19,230
에스컬레이터,13,231
에스컬레이터,0,232
에스컬레이터,8,233
에스컬레이터,6,234
에스컬레이터,6,235
에스컬레이터,6,236
에스컬레이터,4,237
에스컬레이터,10,238
에스컬레이터,11,239
에스컬레이터,6,240
에스컬레이터,7,241
에스컬레이터,12,242
에스컬레이터,12,243
에스컬레이터,4,244
에스컬레이터,6,245
에스컬레이터,16,246
에스컬레이터,8,247
에스컬레이터,23,248
에스컬레이터,4,249
에스컬레이터,14,250
에스컬레이터,0,251
에스컬레이터,10,252
에스컬레이터,4,253
에스컬레이터,6,254
에스컬레이터,6,255
에스컬레이터,6,256
에스컬레이터,6,257
에스컬레이터,16,258
에스컬레이터,8,259
에스컬레이터,6,260
에스컬레이터,10,261
에스컬레이터,12,262
에스컬레이터,5,263
에스컬레이터,7,264
에스컬레이터,4,265
에스컬레이터,6,266
에스컬레이터,2,267
에스컬레이터,8,268
에스컬레이터,8,269
에스컬레이터,5,270
에스컬레이터,13,271
에스컬레이터,0,272
에스컬레이터,4,273
에스컬레이터,0,274
에스컬레이터,0,275
에스컬레이터,12,276
에스컬레이터,5,277
에스컬레이터,8,278
에스컬레이터,0,279
에스컬레이터,26,280
에스컬레이터,4,281
에스컬레이터,32,282
에스컬레이터,18,283
에스컬레이터,12,284
에스컬레이터,16,285
에스컬레이터,18,286
에스컬레이터,16,287
에스컬레이터,22,288
에스컬레이터,34,289
에스컬레이터,21,290
에스컬레이터,0,291
에스컬레이터,32,292
에스컬레이터,14,293
에스컬레이터,24,294
에스컬레이터,18,295
에스컬레이터,22,296
에스컬레이터,14,297
에스컬레이터,12,298
에스컬레이터,25,299
에스컬레이터,6,300
에스컬레이터,13,301
에스컬레이터,12,302
에스컬레이터,6,303
에스컬레이터,22,304
에스컬레이터,10,305
에스컬레이터,14,306
에스컬레이터,22,307
에스컬레이터,27,308
에스컬레이터,28,309
에스컬레이터,16,310
에스컬레이터,12,311
에스컬레이터,14,312
에스컬레이터,18,313
에스컬레이터,10,314
에스컬레이터,18,315
에스컬레이터,10,316
에스컬레이터,16,317
엘리베이터,1,0
엘리베이터,12,1
엘리베이터,5,2
엘리베이터,3,3
엘리베이터,0,4
엘리베이터,2,5
엘리베이터,2,6
엘리베이터,4,7
엘리베이터,0,8
엘리베이터,6,9
엘리베이터,0,10
엘리베이터,2,11
엘리베이터,2,12
엘리베이터,4,13
엘리베이터,4,14
엘리베이터,6,15
엘리베이터,8,16
엘리베이터,1,17
엘리베이터,6,18
엘리베이터,0,19
엘리베이터,2,20
엘리베이터,8,21
엘리베이터,4,22
엘리베이터,2,23
엘리베이터,8,24
엘리베이터,14,25
엘리베이터,4,26
엘리베이터,8,27
엘리베이터,8,28
엘리베이터,8,29
엘리베이터,2,30
엘리베이터,8,31
엘리베이터,6,32
엘리베이터,0,33
엘리베이터,2,34
엘리베이터,8,35
엘리베이터,9,36
엘리베이터,9,37
엘리베이터,0,38
엘리베이터,4,39
엘리베이터,4,40
엘리베이터,2,41
엘리베이터,2,42
엘리베이터,14,43
엘리베이터,4,44
엘리베이터,8,45
엘리베이터,0,46
엘리베이터,12,47
엘리베이터,0,48
엘리베이터,2,49
엘리베이터,6,50
엘리베이터,4,51
엘리베이터,8,52
엘리베이터,4,53
엘리베이터,11,54
엘리베이터,5,55
엘리베이터,4,56
엘리베이터,2,57
엘리베이터,4,58
엘리베이터,8,59
엘리베이터,22,60
엘리베이터,10,61
엘리베이터,20,62
엘리베이터,24,63
엘리베이터,2,64
엘리베이터,4,65
엘리베이터,6,66
엘리베이터,2,67
엘리베이터,2,68
엘리베이터,4,69
엘리베이터,8,70
엘리베이터,8,71
엘리베이터,8,72
엘리베이터,4,73
엘리베이터,4,74
엘리베이터,0,75
엘리베이터,2,76
엘리베이터,12,77
엘리베이터,6,78
엘리베이터,10,79
엘리베이터,9,80
엘리베이터,2,81
엘리베이터,2,82
엘리베이터,4,83
엘리베이터,15,84
엘리베이터,4,85
엘리베이터,4,86
엘리베이터,2,87
엘리베이터,6,88
엘리베이터,0,89
엘리베이터,6,90
엘리베이터,0,91
엘리베이터,0,92
엘리베이터,2,93
엘리베이터,0,94
엘리베이터,0,95
엘리베이터,3,96
엘리베이터,2,97
엘리베이터,8,98
엘리베이터,4,99
엘리베이터,10,100
엘리베이터,6,101
엘리베이터,0,102
엘리베이터,6,103
엘리베이터,6,104
엘리베이터,2,105
엘리베이터,7,106
엘리베이터,4,107
엘리베이터,4,108
엘리베이터,4,109
엘리베이터,4,110
엘리베이터,4,111
엘리베이터,0,112
엘리베이터,9,113
엘리베이터,6,114
엘리베이터,4,115
엘리베이터,6,116
엘리베이터,4,117
엘리베이터,24,118
엘리베이터,2,119
엘리베이터,4,120
엘리베이터,6,121
엘리베이터,12,122
엘리베이터,16,123
엘리베이터,2,124
엘리베이터,0,125
엘리베이터,3,126
엘리베이터,6,127
엘리베이터,11,128
엘리베이터,4,129
엘리베이터,4,130
엘리베이터,8,131
엘리베이터,4,132
엘리베이터,3,133
엘리베이터,8,134
엘리베이터,12,135
엘리베이터,4,136
엘리베이터,5,137
엘리베이터,4,138
엘리베이터,12,139
엘리베이터,4,140
엘리베이터,10,141
엘리베이터,10,142
엘리베이터,2,143
엘리베이터,4,144
엘리베이터,22,145
엘리베이터,0,146
엘리베이터,2,147
엘리베이터,6,148
엘리베이터,18,149
엘리베이터,10,150
엘리베이터,4,151
엘리베이터,12,152
엘리베이터,9,153
엘리베이터,10,154
엘리베이터,8,155
엘리베이터,6,156
엘리베이터,8,157
엘리베이터,11,158
엘리베이터,4,159
엘리베이터,14,160
엘리베이터,8,161
엘리베이터,7,162
엘리베이터,10,163
엘리베이터,4,164
엘리베이터,8,165
엘리베이터,4,166
엘리베이터,11,167
엘리베이터,4,168
엘리베이터,10,169
엘리베이터,16,170
엘리베이터,0,171
엘리베이터,4,172
엘리베이터,20,173
엘리베이터,28,174
엘리베이터,24,175
엘리베이터,8,176
엘리베이터,4,177
엘리베이터,12,178
엘리베이터,6,179
엘리베이터,9,180
엘리베이터,4,181
엘리베이터,13,182
엘리베이터,6,183
엘리베이터,8,184
엘리베이터,4,185
엘리베이터,12,186
엘리베이터,8,187
엘리베이터,12,188
엘리베이터,2,189
엘리베이터,4,190
엘리베이터,2,191
엘리베이터,4,192
엘리베이터,12,193
엘리베이터,4,194
엘리베이터,10,195
엘리베이터,6,196
엘리베이터,4,197
엘리베이터,14,198
엘리베이터,2,199
엘리베이터,14,200
엘리베이터,6,201
엘리베이터,11,202
엘리베이터,6,203
엘리베이터,6,204
엘리베이터,12,205
엘리베이터,12,206
엘리베이터,4,207
엘리베이터,4,208
엘리베이터,6,209
엘리베이터,3,210
엘리베이터,10,211
엘리베이터,17,212
엘리베이터,4,213
엘리베이터,16,214
엘리베이터,4,215
엘리베이터,6,216
엘리베이터,18,217
엘리베이터,7,218
엘리베이터,11,219
엘리베이터,21,220
엘리베이터,8,221
엘리베이터,2,222
엘리베이터,2,223
엘리베이터,2,224
엘리베이터,6,225
엘리베이터,12,226
엘리베이터,14,227
엘리베이터,10,228
엘리베이터,15,229
엘리베이터,19,230
엘리베이터,13,231
엘리베이터,0,232
엘리베이터,8,233
엘리베이터,6,234
엘리베이터,6,235
엘리베이터,6,236
엘리베이터,4,237
엘리베이터,10,238
엘리베이터,11,239
엘리베이터,6,240
엘리베이터,7,241
엘리베이터,12,242
엘리베이터,12,243
엘리베이터,4,244
엘리베이터,6,245
엘리베이터,16,246
엘리베이터,8,247
엘리베이터,23,248
엘리베이터,4,249
엘리베이터,14,250
엘리베이터,0,251
엘리베이터,10,252
엘리베이터,4,253
엘리베이터,6,254
엘리베이터,6,255
엘리베이터,6,256
엘리베이터,6,257
엘리베이터,16,258
엘리베이터,8,259
엘리베이터,6,260
엘리베이터,10,261
엘리베이터,12,262
엘리베이터,5,263
엘리베이터,7,264
엘리베이터,4,265
엘리베이터,6,266
엘리베이터,2,267
엘리베이터,8,268
엘리베이터,8,269
엘리베이터,5,270
엘리베이터,13,271
엘리베이터,0,272
엘리베이터,4,273
엘리베이터,0,274
엘리베이터,0,275
엘리베이터,12,276
엘리베이터,5,277
엘리베이터,8,278
엘리베이터,0,279
엘리베이터,4,280
엘리베이터,2,281
엘리베이터,4,282
엘리베이터,3,283
엘리베이터,3,284
엘리베이터,4,285
엘리베이터,3,286
엘리베이터,6,287
엘리베이터,4,288
엘리베이터,5,289
엘리베이터,7,290
엘리베이터,0,291
엘리베이터,3,292
엘리베이터,4,293
엘리베이터,4,294
엘리베이터,4,295
엘리베이터,4,296
엘리베이터,4,297
엘리베이터,4,298
엘리베이터,5,299
엘리베이터,5,300
엘리베이터,4,301
엘리베이터,4,302
엘리베이터,5,303
엘리베이터,5,304
엘리베이터,4,305
엘리베이터,4,306
엘리베이터,4,307
엘리베이터,4,308
엘리베이터,4,309
엘리베이터,3,310
엘리베이터,4,311
엘리베이터,3,312
엘리베이터,6,313
엘리베이터,5,314
엘리베이터,3,315
엘리베이터,3,316
엘리베이터,4,317
자전거보관소,30,0
자전거보관소,6,1
자전거보관소,10,2
자전거보관소,25,3
자전거보관소,66,4
자전거보관소,164,5
자전거보관소,30,6
자전거보관소,60,7
자전거보관소,5,8
자전거보관소,54,9
자전거보관소,78,10
자전거보관소,174,11
자전거보관소,261,12
자전거보관소,29,13
자전거보관소,294,14
자전거보관소,390,15
자전거보관소,92,16
자전거보관소,194,17
자전거보관소,351,18
자전거보관소,14,19
자전거보관소,56,20
자전거보관소,291,21
자전거보관소,113,22
자전거보관소,59,23
자전거보관소,109,24
자전거보관소,161,25
자전거보관소,0,26
자전거보관소,180,27
자전거보관소,74,28
자전거보관소,44,29
자전거보관소,63,30
자전거보관소,460,31
자전거보관소,0,32
자전거보관소,50,33
자전거보관소,0,34
자전거보관소,460,35
자전거보관소,630,36
자전거보관소,90,37
자전거보관소,28,38
자전거보관소,98,39
자전거보관소,90,40
자전거보관소,50,41
자전거보관소,209,42
자전거보관소,38,43
자전거보관소,36,44
자전거보관소,69,45
자전거보관소,0,46
자전거보관소,163,47
자전거보관소,15,48
자전거보관소,49,49
자전거보관소,42,50
자전거보관소,36,51
자전거보관소,652,52
자전거보관소,1125,53
자전거보관소,0,54
자전거보관소,255,55
자전거보관소,22,56
자전거보관소,77,57
자전거보관소,85,58
자전거보관소,245,59
자전거보관소,261,60
자전거보관소,52,61
자전거보관소,95,62
자전거보관소,0,63
자전거보관소,34,64
자전거보관소,700,65
자전거보관소,44,66
자전거보관소,51,67
자전거보관소,74,68
자전거보관소,166,69
자전거보관소,47,70
자전거보관소,105,71
자전거보관소,53,72
자전거보관소,67,73
자전거보관소,24,74
자전거보관소,18,75
자전거보관소,70,76
자전거보관소,156,77
자전거보관소,65,78
자전거보관소,12,79
자전거보관소,34,80
자전거보관소,17,81
자전거보관소,93,82
자전거보관소,254,83
자전거보관소,179,84
자전거보관소,75,85
자전거보관소,75,86
자전거보관소,0,87
자전거보관소,49,88
자전거보관소,30,89
자전거보관소,17,90
자전거보관소,70,91
자전거보관소,0,92
자전거보관소,57,93
자전거보관소,119,94
자전거보관소,119,95
자전거보관소,42,96
자전거보관소,10,97
자전거보관소,170,98
자전거보관소,125,99
자전거보관소,38,100
자전거보관소,0,101
자전거보관소,70,102
자전거보관소,0,103
자전거보관소,97,104
자전거보관소,0,105
자전거보관소,52,106
자전거보관소,7,107
자전거보관소,120,108
자전거보관소,20,109
자전거보관소,32,110
자전거보관소,440,111
자전거보관소,10,112
자전거보관소,44,113
자전거보관소,96,114
자전거보관소,136,115
자전거보관소,220,116
자전거보관소,71,117
자전거보관소,10,118
자전거보관소,12,119
자전거보관소,13,120
자전거보관소,0,121
자전거보관소,207,122
자전거보관소,138,123
자전거보관소,116,124
자전거보관소,54,125
자전거보관소,140,126
자전거보관소,185,127
자전거보관소,70,128
자전거보관소,95,129
자전거보관소,0,130
자전거보관소,178,131
자전거보관소,75,132
자전거보관소,123,133
자전거보관소,24,134
자전거보관소,99,135
자전거보관소,221,136
자전거보관소,0,137
자전거보관소,277,138
자전거보관소,364,139
자전거보관소,69,140
자전거보관소,25,141
자전거보관소,50,142
자전거보관소,67,143
자전거보관소,210,144
자전거보관소,820,145
자전거보관소,142,146
자전거보관소,68,147
자전거보관소,83,148
자전거보관소,241,149
자전거보관소,89,150
자전거보관소,56,151
자전거보관소,4,152
자전거보관소,75,153
자전거보관소,12,154
자전거보관소,92,155
자전거보관소,35,156
자전거보관소,96,157
자전거보관소,49,158
자전거보관소,89,159
자전거보관소,40,160
자전거보관소,63,161
자전거보관소,0,162
자전거보관소,291,163
자전거보관소,0,164
자전거보관소,32,165
자전거보관소,49,166
자전거보관소,0,167
자전거보관소,262,168
자전거보관소,0,169
자전거보관소,535,170
자전거보관소,28,171
자전거보관소,58,172
자전거보관소,50,173
자전거보관소,70,174
자전거보관소,82,175
자전거보관소,42,176
자전거보관소,196,177
자전거보관소,97,178
자전거보관소,0,179
자전거보관소,65,180
자전거보관소,126,181
자전거보관소,54,182
자전거보관소,22,183
자전거보관소,7,184
자전거보관소,123,185
자전거보관소,29,186
자전거보관소,214,187
자전거보관소,415,188
자전거보관소,221,189
자전거보관소,7,190
자전거보관소,21,191
자전거보관소,80,192
자전거보관소,116,193
자전거보관소,47,194
자전거보관소,30,195
자전거보관소,49,196
자전거보관소,176,197
자전거보관소,222,198
자전거보관소,0,199
자전거보관소,46,200
자전거보관소,24,201
자전거보관소,0,202
자전거보관소,148,203
자전거보관소,0,204
자전거보관소,132,205
자전거보관소,168,206
자전거보관소,162,207
자전거보관소,10,208
자전거보관소,80,209
자전거보관소,20,210
자전거보관소,0,211
자전거보관소,0,212
자전거보관소,20,213
자전거보관소,250,214
자전거보관소,225,215
자전거보관소,24,216
자전거보관소,110,217
자전거보관소,25,218
자전거보관소,296,219
자전거보관소,60,220
자전거보관소,100,221
자전거보관소,204,222
자전거보관소,204,223
자전거보관소,204,224
자전거보관소,0,225
자전거보관소,77,226
자전거보관소,22,227
자전거보관소,82,228
자전거보관소,353,229
자전거보관소,20,230
자전거보관소,113,231
자전거보관소,50,232
자전거보관소,249,233
자전거보관소,105,234
자전거보관소,83,235
자전거보관소,55,236
자전거보관소,47,237
자전거보관소,120,238
자전거보관소,26,239
자전거보관소,106,240
자전거보관소,210,241
자전거보관소,10,242
자전거보관소,57,243
자전거보관소,173,244
자전거보관소,229,245
자전거보관소,67,246
자전거보관소,30,247
자전거보관소,0,248
자전거보관소,0,249
자전거보관소,38,250
자전거보관소,110,251
자전거보관소,258,252
자전거보관소,73,253
자전거보관소,145,254
자전거보관소,440,255
자전거보관소,376,256
자전거보관소,376,257
자전거보관소,113,258
자전거보관소,176,259
자전거보관소,125,260
자전거보관소,19,261
자전거보관소,221,262
자전거보관소,260,263
자전거보관소,0,264
자전거보관소,52,265
자전거보관소,103,266
자전거보관소,61,267
자전거보관소,166,268
자전거보관소,70,269
자전거보관소,180,270
자전거보관소,43,271
자전거보관소,111,272
자전거보관소,114,273
자전거보관소,36,274
자전거보관소,55,275
자전거보관소,0,276
자전거보관소,250,277
자전거보관소,147,278
자전거보관소,0,279
자전거보관소,30,280
자전거보관소,30,281
자전거보관소,30,282
자전거보관소,30,283
자전거보관소,40,284
자전거보관소,30,285
자전거보관소,0,286
자전거보관소,30,287
자전거보관소,30,288
자전거보관소,30,289
자전거보관소,30,290
자전거보관소,0,291
자전거보관소,40,292
자전거보관소,40,293
자전거보관소,30,294
자전거보관소,40,295
자전거보관소,10,296
자전거보관소,115,297
자전거보관소,30,298
자전거보관소,204,299
자전거보관소,200,300
자전거보관소,40,301
자전거보관소,20,302
자전거보관소,40,303
자전거보관소,30,304
자전거보관소,30,305
자전거보관소,40,306
자전거보관소,30,307
자전거보관소,54,308
자전거보관소,0,309
자전거보관소,40,310
자전거보관소,30,311
자전거보관소,200,312
자전거보관소,20,313
자전거보관소,210,314
자전거보관소,30,315
자전거보관소,200,316
자전거보관소,40,317
물품보관함,25,0
물품보관함,9,1
물품보관함,64,2
물품보관함,44,3
물품보관함,9,4
물품보관함,9,5
물품보관함,50,6
물품보관함,0,7
물품보관함,0,8
물품보관함,17,9
물품보관함,78,10
물품보관함,59,11
물품보관함,66,12
물품보관함,22,13
물품보관함,17,14
물품보관함,13,15
물품보관함,13,16
물품보관함,13,17
물품보관함,17,18
물품보관함,9,19
물품보관함,60,20
물품보관함,39,21
물품보관함,9,22
물품보관함,13,23
물품보관함,13,24
물품보관함,26,25
물품보관함,64,26
물품보관함,9,27
물품보관함,22,28
물품보관함,13,29
물품보관함,34,30
물품보관함,45,31
물품보관함,25,32
물품보관함,9,33
물품보관함,13,34
물품보관함,13,35
물품보관함,79,36
물품보관함,50,37
물품보관함,9,38
물품보관함,9,39
물품보관함,71,40
물품보관함,9,41
물품보관함,9,42
물품보관함,30,43
물품보관함,13,44
물품보관함,17,45
물품보관함,9,46
물품보관함,9,47
물품보관함,0,48
물품보관함,0,49
물품보관함,50,50
물품보관함,21,51
물품보관함,108,52
물품보관함,13,53
물품보관함,21,54
물품보관함,92,55
물품보관함,15,56
물품보관함,9,57
물품보관함,25,58
물품보관함,171,59
물품보관함,13,60
물품보관함,76,61
물품보관함,9,62
물품보관함,72,63
물품보관함,13,64
물품보관함,13,65
물품보관함,9,66
물품보관함,21,67
물품보관함,9,68
물품보관함,9,69
물품보관함,9,70
물품보관함,13,71
물품보관함,9,72
물품보관함,13,73
물품보관함,9,74
물품보관함,9,75
물품보관함,9,76
물품보관함,21,77
물품보관함,68,78
물품보관함,83,79
물품보관함,43,80
물품보관함,9,81
물품보관함,26,82
물품보관함,25,83
물품보관함,9,84
물품보관함,9,85
물품보관함,9,86
물품보관함,0,87
물품보관함,9,88
물품보관함,9,89
물품보관함,0,90
물품보관함,9,91
물품보관함,0,92
물품보관함,9,93
물품보관함,18,94
물품보관함,18,95
물품보관함,17,96
물품보관함,9,97
물품보관함,21,98
물품보관함,9,99
물품보관함,47,100
물품보관함,28,101
물품보관함,15,102
물품보관함,126,103
물품보관함,9,104
물품보관함,26,105
물품보관함,26,106
물품보관함,13,107
물품보관함,13,108
물품보관함,26,109
물품보관함,42,110
물품보관함,13,111
물품보관함,13,112
물품보관함,13,113
물품보관함,9,114
물품보관함,13,115
물품보관함,9,116
물품보관함,26,117
물품보관함,34,118
물품보관함,13,119
물품보관함,128,120
물품보관함,46,121
물품보관함,13,122
물품보관함,0,123
물품보관함,9,124
물품보관함,9,125
물품보관함,9,126
물품보관함,9,127
물품보관함,22,128
물품보관함,13,129
물품보관함,88,130
물품보관함,13,131
물품보관함,13,132
물품보관함,13,133
물품보관함,42,134
물품보관함,17,135
물품보관함,13,136
물품보관함,9,137
물품보관함,13,138
물품보관함,9,139
물품보관함,9,140
물품보관함,9,141
물품보관함,13,142
물품보관함,9,143
물품보관함,17,144
물품보관함,0,145
물품보관함,13,146
물품보관함,9,147
물품보관함,9,148
물품보관함,9,149
물품보관함,17,150
물품보관함,9,151
물품보관함,9,152
물품보관함,9,153
물품보관함,9,154
물품보관함,13,155
물품보관함,9,156
물품보관함,9,157
물품보관함,56,158
물품보관함,38,159
물품보관함,9,160
물품보관함,9,161
물품보관함,0,162
물품보관함,17,163
물품보관함,38,164
물품보관함,26,165
물품보관함,13,166
물품보관함,0,167
물품보관함,13,168
물품보관함,0,169
물품보관함,39,170
물품보관함,9,171
물품보관함,9,172
물품보관함,0,173
물품보관함,0,174
물품보관함,0,175
물품보관함,9,176
물품보관함,17,177
물품보관함,13,178
물품보관함,21,179
물품보관함,9,180
물품보관함,9,181
물품보관함,21,182
물품보관함,9,183
물품보관함,9,184
물품보관함,9,185
물품보관함,17,186
물품보관함,13,187
물품보관함,9,188
물품보관함,18,189
물품보관함,9,190
물품보관함,9,191
물품보관함,9,192
물품보관함,9,193
물품보관함,9,194
물품보관함,13,195
물품보관함,9,196
물품보관함,9,197
물품보관함,9,198
물품보관함,0,199
물품보관함,9,200
물품보관함,13,201
물품보관함,9,202
물품보관함,9,203
물품보관함,0,204
물품보관함,13,205
물품보관함,13,206
물품보관함,13,207
물품보관함,51,208
물품보관함,9,209
물품보관함,9,210
물품보관함,0,211
물품보관함,0,212
물품보관함,13,213
물품보관함,25,214
물품보관함,13,215
물품보관함,9,216
물품보관함,26,217
물품보관함,17,218
물품보관함,39,219
물품보관함,26,220
물품보관함,13,221
물품보관함,26,222
물품보관함,26,223
물품보관함,26,224
물품보관함,0,225
물품보관함,13,226
물품보관함,9,227
물품보관함,13,228
물품보관함,21,229
물품보관함,17,230
물품보관함,13,231
물품보관함,9,232
물품보관함,13,233
물품보관함,9,234
물품보관함,13,235
물품보관함,9,236
물품보관함,13,237
물품보관함,13,238
물품보관함,9,239
물품보관함,21,240
물품보관함,9,241
물품보관함,13,242
물품보관함,13,243
물품보관함,13,244
물품보관함,13,245
물품보관함,13,246
물품보관함,9,247
물품보관함,17,248
물품보관함,0,249
물품보관함,9,250
물품보관함,0,251
물품보관함,13,252
물품보관함,9,253
물품보관함,13,254
물품보관함,9,255
물품보관함,17,256
물품보관함,17,257
물품보관함,26,258
물품보관함,13,259
물품보관함,13,260
물품보관함,17,261
물품보관함,9,262
물품보관함,9,263
물품보관함,0,264
물품보관함,13,265
물품보관함,13,266
물품보관함,9,267
물품보관함,9,268
물품보관함,9,269
물품보관함,13,270
물품보관함,9,271
물품보관함,9,272
물품보관함,9,273
물품보관함,9,274
물품보관함,9,275
물품보관함,0,276
물품보관함,17,277
물품보관함,13,278
물품보관함,0,279
물품보관함,0,280
물품보관함,0,281
물품보관함,0,282
물품보관함,0,283
물품보관함,0,284
물품보관함,0,285
물품보관함,0,286
물품보관함,0,287
물품보관함,0,288
물품보관함,0,289
물품보관함,0,290
물품보관함,9,291
물품보관함,0,292
물품보관함,0,293
물품보관함,0,294
물품보관함,0,295
물품보관함,0,296
물품보관함,9,297
물품보관함,0,298
물품보관함,9,299
물품보관함,9,300
물품보관함,0,301
물품보관함,0,302
물품보관함,9,303
물품보관함,0,304
물품보관함,0,305
물품보관함,0,306
물품보관함,0,307
물품보관함,0,308
물품보관함,0,309
물품보관함,0,310
물품보관함,0,311
물품보관함,42,312
물품보관함,0,313
물품보관함,9,314
물품보관함,0,315
물품보관함,9,316
물품보관함,0,317
스마트도서관,0,0
스마트도서관,0,1
스마트도서관,0,2
스마트도서관,1,3
스마트도서관,0,4
스마트도서관,0,5
스마트도서관,0,6
스마트도서관,0,7
스마트도서관,0,8
스마트도서관,0,9
스마트도서관,0,10
스마트도서관,0,11
스마트도서관,0,12
스마트도서관,0,13
스마트도서관,0,14
스마트도서관,1,15
스마트도서관,1,16
스마트도서관,0,17
스마트도서관,1,18
스마트도서관,0,19
스마트도서관,0,20
스마트도서관,0,21
스마트도서관,0,22
스마트도서관,0,23
스마트도서관,1,24
스마트도서관,0,25
스마트도서관,0,26
스마트도서관,1,27
스마트도서관,1,28
스마트도서관,0,29
스마트도서관,0,30
스마트도서관,1,31
스마트도서관,0,32
스마트도서관,0,33
스마트도서관,0,34
스마트도서관,1,35
스마트도서관,0,36
스마트도서관,1,37
스마트도서관,0,38
스마트도서관,1,39
스마트도서관,0,40
스마트도서관,1,41
스마트도서관,0,42
스마트도서관,0,43
스마트도서관,0,44
스마트도서관,0,45
스마트도서관,0,46
스마트도서관,1,47
스마트도서관,0,48
스마트도서관,0,49
스마트도서관,0,50
스마트도서관,0,51
스마트도서관,0,52
스마트도서관,0,53
스마트도서관,0,54
스마트도서관,0,55
스마트도서관,1,56
스마트도서관,0,57
스마트도서관,0,58
스마트도서관,0,59
스마트도서관,0,60
스마트도서관,1,61
스마트도서관,0,62
스마트도서관,0,63
스마트도서관,0,64
스마트도서관,1,65
스마트도서관,1,66
스마트도서관,0,67
스마트도서관,1,68
스마트도서관,0,69
스마트도서관,0,70
스마트도서관,0,71
스마트도서관,1,72
스마트도서관,0,73
스마트도서관,0,74
스마트도서관,0,75
스마트도서관,1,76
스마트도서관,1,77
스마트도서관,0,78
스마트도서관,1,79
스마트도서관,1,80
스마트도서관,0,81
스마트도서관,1,82
스마트도서관,1,83
스마트도서관,0,84
스마트도서관,1,85
스마트도서관,1,86
스마트도서관,0,87
스마트도서관,0,88
스마트도서관,0,89
스마트도서관,0,90
스마트도서관,0,91
스마트도서관,0,92
스마트도서관,0,93
스마트도서관,1,94
스마트도서관,1,95
스마트도서관,1,96
스마트도서관,0,97
스마트도서관,0,98
스마트도서관,0,99
스마트도서관,0,100
스마트도서관,0,101
스마트도서관,0,102
스마트도서관,0,103
스마트도서관,1,104
스마트도서관,1,105
스마트도서관,0,106
스마트도서관,0,107
스마트도서관,0,108
스마트도서관,0,109
스마트도서관,0,110
스마트도서관,1,111
스마트도서관,0,112
스마트도서관,0,113
스마트도서관,0,114
스마트도서관,0,115
스마트도서관,0,116
스마트도서관,1,117
스마트도서관,0,118
스마트도서관,1,119
스마트도서관,0,120
스마트도서관,0,121
스마트도서관,0,122
스마트도서관,0,123
스마트도서관,1,124
스마트도서관,0,125
스마트도서관,1,126
스마트도서관,1,127
스마트도서관,1,128
스마트도서관,0,129
스마트도서관,0,130
스마트도서관,1,131
스마트도서관,0,132
스마트도서관,1,133
스마트도서관,0,134
스마트도서관,1,135
스마트도서관,1,136
스마트도서관,0,137
스마트도서관,0,138
스마트도서관,1,139
스마트도서관,1,140
스마트도서관,1,141
스마트도서관,0,142
스마트도서관,0,143
스마트도서관,1,144
스마트도서관,0,145
스마트도서관,0,146
스마트도서관,1,147
스마트도서관,0,148
스마트도서관,1,149
스마트도서관,1,150
스마트도서관,0,151
스마트도서관,0,152
스마트도서관,0,153
스마트도서관,0,154
스마트도서관,0,155
스마트도서관,0,156
스마트도서관,1,157
스마트도서관,0,158
스마트도서관,1,159
스마트도서관,0,160
스마트도서관,0,161
스마트도서관,0,162
스마트도서관,1,163
스마트도서관,0,164
스마트도서관,0,165
스마트도서관,1,166
스마트도서관,0,167
스마트도서관,0,168
스마트도서관,0,169
스마트도서관,0,170
스마트도서관,0,171
스마트도서관,0,172
스마트도서관,0,173
스마트도서관,0,174
스마트도서관,0,175
스마트도서관,0,176
스마트도서관,0,177
스마트도서관,1,178
스마트도서관,0,179
스마트도서관,0,180
스마트도서관,0,181
스마트도서관,0,182
스마트도서관,0,183
스마트도서관,0,184
스마트도서관,1,185
스마트도서관,0,186
스마트도서관,1,187
스마트도서관,0,188
스마트도서관,0,189
스마트도서관,0,190
스마트도서관,1,191
스마트도서관,0,192
스마트도서관,0,193
스마트도서관,0,194
스마트도서관,0,195
스마트도서관,0,196
스마트도서관,0,197
스마트도서관,1,198
스마트도서관,0,199
스마트도서관,0,200
스마트도서관,1,201
스마트도서관,0,202
스마트도서관,1,203
스마트도서관,0,204
스마트도서관,1,205
스마트도서관,0,206
스마트도서관,1,207
스마트도서관,0,208
스마트도서관,0,209
스마트도서관,0,210
스마트도서관,0,211
스마트도서관,0,212
스마트도서관,0,213
스마트도서관,1,214
스마트도서관,0,215
스마트도서관,0,216
스마트도서관,0,217
스마트도서관,0,218
스마트도서관,0,219
스마트도서관,0,220
스마트도서관,0,221
스마트도서관,1,222
스마트도서관,1,223
스마트도서관,1,224
스마트도서관,0,225
스마트도서관,0,226
스마트도서관,0,227
스마트도서관,1,228
스마트도서관,1,229
스마트도서관,0,230
스마트도서관,0,231
스마트도서관,0,232
스마트도서관,0,233
스마트도서관,1,234
스마트도서관,0,235
스마트도서관,0,236
스마트도서관,0,237
스마트도서관,1,238
스마트도서관,0,239
스마트도서관,1,240
스마트도서관,0,241
스마트도서관,0,242
스마트도서관,0,243
스마트도서관,0,244
스마트도서관,0,245
스마트도서관,0,246
스마트도서관,1,247
스마트도서관,0,248
스마트도서관,0,249
스마트도서관,0,250
스마트도서관,0,251
스마트도서관,0,252
스마트도서관,0,253
스마트도서관,1,254
스마트도서관,1,255
스마트도서관,1,256
스마트도서관,1,257
스마트도서관,1,258
스마트도서관,0,259
스마트도서관,1,260
스마트도서관,0,261
스마트도서관,0,262
스마트도서관,0,263
스마트도서관,0,264
스마트도서관,0,265
스마트도서관,1,266
스마트도서관,0,267
스마트도서관,0,268
스마트도서관,0,269
스마트도서관,0,270
스마트도서관,0,271
스마트도서관,0,272
스마트도서관,0,273
스마트도서관,0,274
스마트도서관,0,275
스마트도서관,0,276
스마트도서관,0,277
스마트도서관,2,278
스마트도서관,1,279
스마트도서관,0,280
스마트도서관,0,281
스마트도서관,0,282
스마트도서관,0,283
스마트도서관,1,284
스마트도서관,0,285
스마트도서관,0,286
스마트도서관,1,287
스마트도서관,0,288
스마트도서관,1,289
스마트도서관,0,290
스마트도서관,0,291
스마트도서관,0,292
스마트도서관,0,293
스마트도서관,0,294
스마트도서관,0,295
스마트도서관,0,296
스마트도서관,0,297
스마트도서관,0,298
스마트도서관,0,299
스마트도서관,0,300
스마트도서관,0,301
스마트도서관,0,302
스마트도서관,0,303
스마트도서관,0,304
스마트도서관,0,305
스마트도서관,0,306
스마트도서관,0,307
스마트도서관,1,308
스마트도서관,0,309
스마트도서관,1,310
스마트도서관,0,311
스마트도서관,0,312
스마트도서관,0,313
스마트도서관,1,314
스마트도서관,0,315
스마트도서관,0,316
스마트도서관,0,317
